"店舗名","アウト","商圏総台数","台数","自店客数","商圏客数","売上合計(千円)","補粗利合計","商圏稼動率","自店稼動率","利益率","自店支持率","アウト支持率"
"店舗平均","-","-","62,149","-","-","42,078,125","6,146,548,199","-","-","14.0%","-","-"
"1 沼田店","-","3,717.2","766","255","1,068","469,733","76,505,000","28.7%","33.3%","16.3%","116.0%","-"
"2 渋川インター店","-","1,919.2","707","210","602","474,988","67,659,752","31.4%","29.6%","14.2%","94.4%","-"
"3 中之条店","-","3,141.2","456","108","966","168,079","28,624,765","30.8%","23.8%","17.0%","77.3%","-"
"4 前橋若宮店","-","4,058.9","596","186","1,159","469,150","74,679,563","28.6%","31.2%","15.9%","109.2%","-"
"5 前橋大利根店","-","5,656.6","1,110","396","1,873","763,109","119,725,523","33.1%","35.7%","15.7%","107.7%","-"
"6 ガーデン前橋店","-","5,767.5","1,050","333","1,724","697,173","103,971,271","29.9%","31.8%","14.9%","106.3%","-"
"7 富岡店","-","1,217.5","686","212","288","439,718","70,114,961","23.7%","30.8%","15.9%","130.3%","-"
"8 安中店","-","1,936.8","740","220","340","429,626","61,767,306","17.5%","29.8%","14.4%","169.9%","-"
"9 高崎本店","-","6,211.4","992","491","2,452","1,295,597","146,330,953","39.5%","49.4%","11.3%","125.3%","-"
"10 倉賀野店","-","3,794.3","951","340","1,198","590,232","84,715,565","31.6%","35.7%","14.4%","113.2%","-"
"11 金古店","-","4,915.7","995","319","1,625","730,039","104,260,882","33.1%","32.1%","14.3%","97.1%","-"
"12 上越店","-","4,856.4","1,287","387","1,325","637,221","110,467,461","27.3%","30.1%","14.4%","110.2%","-"
"13 上田店","-","4,689.6","844","283","1,262","587,477","65,584,774","26.9%","33.5%","10.8%","124.5%","-"
"14 伊勢崎店","-","4,475.9","798","186","1,458","360,768","51,003,668","32.6%","23.3%","14.1%","71.6%","-"
"15 大間々店","-","4,119.9","991","277","1,061","553,141","89,224,362","25.8%","27.9%","16.1%","108.4%","-"
"16 館林店","-","2,835.0","884","221","684","485,345","81,044,978","24.1%","25.0%","16.7%","103.7%","-"
"17 太田矢島店","-","5,694.3","820","255","1,825","561,552","91,141,442","32.1%","31.1%","16.2%","97.0%","-"
"18 太田店","-","7,026.4","1,253","408","2,186","787,305","105,697,806","31.1%","32.6%","13.4%","104.8%","-"
"19 仙台東店","-","5,215.4","830","273","1,458","678,331","109,200,977","28.0%","32.9%","15.8%","117.6%","-"
"20 仙台泉店","-","5,552.3","871","359","1,830","938,987","145,921,716","33.0%","41.3%","15.2%","125.2%","-"
"21 S熊谷店","-","4,838.4","1,027","409","1,276","937,446","127,012,632","26.4%","39.9%","13.5%","151.2%","-"
"22 S鴻巣店","-","4,617.0","1,047","349","1,325","764,975","100,486,024","28.7%","33.3%","13.1%","116.1%","-"
"23 S上里店","-","4,937.5","994","277","1,137","574,097","84,251,731","23.0%","27.8%","14.7%","120.9%","-"
"24 入間店","-","6,632.6","936","231","1,942","517,903","81,177,175","29.3%","24.7%","15.7%","84.3%","-"
"25 坂戸店","-","4,607.0","939","389","1,457","945,996","123,479,825","31.6%","41.4%","13.1%","130.9%","-"
"26 花園店","-","4,783.3","863","369","1,286","938,642","128,939,198","26.9%","42.7%","13.7%","158.9%","-"
"27 杉戸店","-","4,933.0","815","204","1,563","412,733","58,164,252","31.7%","25.0%","14.1%","78.9%","-"
"28 羽生店","-","3,852.0","794","202","789","342,162","50,000,850","20.5%","25.4%","14.6%","124.1%","-"
"29 千葉みなと店","-","5,626.2","1,094","338","2,184","554,359","81,508,826","38.8%","30.9%","14.7%","79.5%","-"
"30 浜野店","-","6,295.8","917","344","2,019","806,834","113,390,290","32.1%","37.5%","14.1%","117.0%","-"
"31 佐倉店","-","5,430.9","824","315","1,542","706,585","99,052,905","28.4%","38.2%","14.0%","134.7%","-"
"32 S東金店","-","3,882.8","954","467","1,221","1,081,712","85,691,730","31.4%","48.9%","7.9%","155.4%","-"
"33 旭店","-","2,632.2","706","148","575","278,413","42,529,713","21.8%","20.9%","15.3%","95.7%","-"
"34 妙典駅前店","-","4,928.0","640","231","1,708","562,264","74,286,446","34.6%","36.0%","13.2%","103.9%","-"
"35 ＷＡＫＯ鹿島店","-","4,193.3","840","297","1,030","611,414","99,252,112","24.6%","35.4%","15.9%","144.0%","-"
"36 神栖店","-","5,139.4","896","298","1,521","665,860","105,961,723","29.6%","33.3%","15.5%","112.4%","-"
"37 立川店","-","5,179.4","943","220","1,850","414,558","58,139,865","35.7%","23.3%","13.1%","65.1%","-"
"38 新小岩店","-","6,257.8","752","269","1,918","511,983","74,966,562","30.7%","35.7%","13.9%","116.6%","-"
"39 八王子北野店","-","5,515.6","617","154","1,949","320,905","53,907,752","35.3%","24.9%","15.9%","70.4%","-"
"40 錦糸町店","-","4,991.6","997","498","1,875","1,204,535","149,651,147","37.6%","49.9%","11.7%","132.9%","-"
"41 座間店","-","4,289.5","1,030","288","1,700","535,933","79,304,729","39.6%","28.0%","14.8%","70.6%","-"
"42 平塚駅前店","-","4,781.0","996","297","1,480","672,623","104,529,115","31.0%","29.9%","15.5%","96.4%","-"
"43 上永谷店","-","3,917.5","642","140","1,214","251,968","37,764,445","31.0%","21.8%","15.0%","70.4%","-"
"44 姫路店　","-","4,162.0","910","280","1,341","552,284","79,296,887","32.2%","30.7%","14.1%","95.4%","-"
"45 新開地店","-","4,377.2","1,338","616","1,633","1,259,457","142,894,556","37.3%","46.0%","11.1%","123.4%","-"
"46 福岡本店","-","9,576.9","1,196","504","3,260","922,462","67,609,491","34.0%","42.1%","5.8%","123.7%","-"
"47 筑紫野店","-","9,781.3","1,744","551","3,046","1,057,927","164,599,871","31.1%","31.6%","14.3%","101.5%","-"
"48 福重店","-","8,572.9","998","385","2,978","738,043","135,828,666","34.7%","38.6%","17.3%","111.0%","-"
"49 伊都店","-","5,987.9","993","276","2,075","394,081","73,424,063","34.7%","27.8%","17.3%","80.3%","-"
"50 飯塚店","-","7,079.0","1,258","349","2,169","569,495","88,719,139","30.6%","27.7%","14.1%","90.5%","-"
"51 中間店","-","5,877.3","842","301","1,806","483,167","70,593,540","30.7%","35.8%","13.2%","116.5%","-"
"52 門司店","-","1,979.8","631","156","436","237,954","44,606,062","22.0%","24.7%","17.5%","112.4%","-"
"53 松浦店","-","1,122.6","719","124","187","170,537","35,850,405","16.7%","17.2%","19.7%","103.0%","-"
"54 佐々インター店","-","5,473.3","1,009","422","1,578","842,540","158,111,252","28.8%","41.9%","17.2%","145.2%","-"
"55 大野店","-","1,340.4","600","152","259","244,797","50,545,125","19.3%","25.3%","19.4%","130.8%","-"
"56 佐世保南店","-","4,559.8","807","332","1,589","630,244","120,271,334","34.8%","41.1%","17.8%","117.8%","-"
"57 大村店","-","2,803.0","732","283","817","524,706","94,046,522","29.1%","38.7%","16.6%","132.7%","-"
"58 諫早店","-","5,593.5","1,188","389","1,825","698,626","127,703,014","32.6%","32.8%","16.9%","100.5%","-"
"59 長与店","-","2,268.2","838","309","891","566,762","103,441,519","39.3%","36.8%","16.6%","93.8%","-"
"60 女神店","-","4,099.4","1,265","460","1,203","806,296","147,675,165","29.3%","36.4%","16.6%","124.0%","-"
"61 大分本店","-","10,489.0","990","264","3,073","379,192","58,092,860","29.3%","26.7%","13.8%","91.1%","-"
"62 南大分店","-","4,318.9","986","342","1,393","612,495","83,442,273","32.3%","34.7%","12.2%","107.4%","-"
"63 日向店","-","3,782.6","1,000","343","1,003","564,527","83,266,081","26.5%","34.3%","12.6%","129.6%","-"
"64 都城店","-","6,586.9","1,036","226","2,075","389,965","76,710,093","31.5%","21.8%","18.4%","69.2%","-"
"65 大淀店","-","7,534.7","1,322","547","2,582","947,699","101,792,446","34.3%","41.4%","9.2%","120.9%","-"
"66 延岡店","-","3,590.1","997","388","1,075","704,424","108,343,215","30.0%","38.9%","13.7%","129.8%","-"
"67 松橋インター店","-","3,298.9","828","216","1,019","394,431","51,052,809","30.9%","26.1%","12.9%","84.6%","-"
"68 八代店","-","4,837.3","997","375","1,390","654,541","77,540,039","28.7%","37.6%","11.8%","130.9%","-"