"店舗名","種別","商圏総台数","台数","自店客数","商圏客数","売上合計(千円)","補粗利合計","商圏稼動率","自店稼動率","利益率","自店支持率","アウト"
"店舗平均","-","-","908","-","-","75,061","18,608,802","-","-","24.0%","-","22,719"
"2 渋川インター店","P_0.20","18.0","18","14","14","2,625","638,400","76.9%","76.9%","24.3%","100.0%","38,162"
"3 中之条店","P_0.20","43.5","25","12","26","1,783","466,180","59.8%","47.6%","26.2%","79.7%","24,389"
"5 前橋大利根店","P_0.20","123.8","88","55","70","9,001","2,403,643","56.4%","63.0%","26.7%","111.8%","32,001"
"6 ガーデン前橋店","P_0.20","62.4","42","25","34","3,883","980,426","53.8%","59.7%","25.3%","110.9%","27,115"
"10 倉賀野店","P_0.20","71.1","71","35","35","5,674","1,079,757","49.4%","49.4%","19.0%","100.0%","24,050"
"12 上越店","P_0.20","172.6","79","42","69","5,505","1,644,245","40.0%","53.1%","25.5%","132.8%","25,990"
"14 伊勢崎店","P_0.50","35.9","36","4","4","1,687","197,055","10.1%","10.1%","11.7%","100.0%","5,063"
"18 太田店","P_0.20","70.8","71","40","40","5,796","1,519,006","57.1%","57.1%","26.2%","100.0%","27,548"
"22 S鴻巣店","P_0.20","212.2","56","18","51","2,863","292,049","23.9%","31.3%","10.2%","130.8%","15,521"
"27 杉戸店","P_0.20","211.0","28","15","108","738","111,185","51.3%","55.4%","15.1%","108.0%","27,183"
"28 羽生店","P_0.20","199.3","79","26","80","3,794","92,660","40.0%","32.8%","2.4%","81.9%","16,251"
"29 千葉みなと店","P_0.20","42.0","42","26","26","4,734","1,254,818","62.7%","62.7%","26.5%","100.0%","32,200"
"34 旭店","P_0.20","101.4","37","17","20","2,568","645,194","19.4%","46.5%","25.1%","239.6%","22,146"
"38 立川店","P_0.50","127.7","60","12","36","4,242","1,367,256","28.1%","20.6%","30.7%","73.1%","10,087"
"44 平塚駅前店","P_0.50","133.4","34","16","53","5,819","1,644,244","40.1%","45.8%","28.3%","114.4%","23,340"
"45 上永谷店","P_0.50","89.6","49","15","29","6,051","1,615,320","31.9%","29.9%","26.7%","93.7%","14,621"
"51 伊都店","P_0.20","79.9","80","42","42","5,779","1,815,331","52.5%","52.5%","28.1%","100.0%","26,324"
"55 松浦店","P_0.20","59.9","40","18","25","2,519","842,033","41.8%","45.9%","30.3%","109.9%","22,321"